Workbook
Name ventes_dashboard: Données!$A$1:$H$31

Sheet Données
A1: mois | B1: trimestre | C1: vendeur | D1: region | E1: produit | F1: categorie | G1: montant | H1: objectif
A2: Janvier | B2: T1 | C2: Alice | D2: Île-de-France | E2: Laptop Pro | F2: Informatique | G2: 18600 | H2: 15000
A3: Janvier | B3: T1 | C3: Karim | D3: PACA | E3: Smartphone X | F3: Mobile | G3: 12350 | H3: 12000
A4: Janvier | B4: T1 | C4: Lucie | D4: Grand Est | E4: Tablette Air | F4: Informatique | G4: 4500 | H4: 8000
A5: Janvier | B5: T1 | C5: Thomas | D5: Île-de-France | E5: Écouteurs BT | F5: Audio | G5: 3600 | H5: 4000
A6: Janvier | B6: T1 | C6: Nadia | D6: Auvergne | E6: Laptop Pro | F6: Informatique | G6: 9600 | H6: 15000
A7: Février | B7: T1 | C7: Alice | D7: Île-de-France | E7: Laptop Pro | F7: Informatique | G7: 21600 | H7: 15000
A8: Février | B8: T1 | C8: Karim | D8: PACA | E8: Smartphone X | F8: Mobile | G8: 15600 | H8: 12000
A9: Février | B9: T1 | C9: Lucie | D9: Grand Est | E9: Tablette Air | F9: Informatique | G9: 8100 | H9: 8000
A10: Février | B10: T1 | C10: Thomas | D10: Île-de-France | E10: Écouteurs BT | F10: Audio | G10: 4800 | H10: 4000
A11: Février | B11: T1 | C11: Nadia | D11: Auvergne | E11: Laptop Pro | F11: Informatique | G11: 14400 | H11: 15000
A12: Mars | B12: T1 | C12: Alice | D12: Île-de-France | E12: Laptop Pro | F12: Informatique | G12: 26400 | H12: 15000
A13: Mars | B13: T1 | C13: Karim | D13: PACA | E13: Smartphone X | F13: Mobile | G13: 11050 | H13: 12000
... A31: Juin | B31: T2 | C31: Nadia | D31: Auvergne | E31: Écouteurs BT | F31: Audio | G31: 4800 | H31: 4000

Sheet Dashboard
B2: Dashboard interactif ventes
B4: Vendeur: | D4: Trimestre:
C5: Alice | E5: T2
B8: Mois | C8: CA rélaisé | D8: Objectif | E8: Atteinte % | F8: Statut
B9: Janvier | C9: =SUMIFS(Données!G2:G31,Données!C2:C31,$C$5,Données!A2:A31,Dashboard!B9,Données!B2:B31,$E$5) -> 0 | D9: =SUMIFS(Données!H2:H31,Données!C2:C31,$C$5,Données!A2:A31,Dashboard!B9,Données!B2:B31,$E$5) -> 0 | E9: =IF(D9>0,C9/D9,0) -> 0 | F9: =IF(C9>=D9,"Atteint","En dessous") -> Atteint
B10: Février | C10: =SUMIFS(Données!G3:G32,Données!C3:C32,$C$5,Données!A3:A32,Dashboard!B10,Données!B3:B32,$E$5) -> 0 | D10: =SUMIFS(Données!H3:H32,Données!C3:C32,$C$5,Données!A3:A32,Dashboard!B10,Données!B3:B32,$E$5) -> 0 | E10: =IF(D10>0,C10/D10,0) -> 0 | F10: =IF(C10>=D10,"Atteint","En dessous") -> Atteint
B11: Mars | C11: =SUMIFS(Données!G4:G33,Données!C4:C33,$C$5,Données!A4:A33,Dashboard!B11,Données!B4:B33,$E$5) -> 0 | D11: =SUMIFS(Données!H4:H33,Données!C4:C33,$C$5,Données!A4:A33,Dashboard!B11,Données!B4:B33,$E$5) -> 0 | E11: =IF(D11>0,C11/D11,0) -> 0 | F11: =IF(C11>=D11,"Atteint","En dessous") -> Atteint
B12: Avril | C12: =SUMIFS(Données!G4:G33,Données!C4:C33,$C$5,Données!A4:A33,Dashboard!B12,Données!B4:B33,$E$5) -> 14300 | D12: =SUMIFS(Données!H5:H34,Données!C5:C34,$C$5,Données!A5:A34,Dashboard!B12,Données!B5:B34,$E$5) -> 15000 | E12: =IF(D12>0,C12/D12,0) -> 0.95333333 | F12: =IF(C12>=D12,"Atteint","En dessous") -> En dessous
B13: Mai | C13: =SUMIFS(Données!G6:G35,Données!C6:C35,$C$5,Données!A6:A35,Dashboard!B13,Données!B6:B35,$E$5) -> 31200 | D13: =SUMIFS(Données!H6:H35,Données!C6:C35,$C$5,Données!A6:A35,Dashboard!B13,Données!B6:B35,$E$5) -> 15000 | E13: =IF(D13>0,C13/D13,0) -> 2.08 | F13: =IF(C13>=D13,"Atteint","En dessous") -> Atteint
B14: Juin | C14: =SUMIFS(Données!G7:G36,Données!C7:C36,$C$5,Données!A7:A36,Dashboard!B14,Données!B7:B36,$E$5) -> 11200 | D14: =SUMIFS(Données!H7:H36,Données!C7:C36,$C$5,Données!A7:A36,Dashboard!B14,Données!B7:B36,$E$5) -> 10000 | E14: =IF(D14>0,C14/D14,0) -> 1.12 | F14: =IF(C14>=D14,"Atteint","En dessous") -> Atteint
B17: Toal CA | C17: Total Objectif | D17: Atteinte globale | E17: Nb Ventes
B18: =SUM(C9:C14) -> 56700 | C18: =SUM(D9:D14) -> 40000 | D18: =IF(C18>0,B18/C18,0) -> 1.4175 | E18: =COUNTIFS(Données!C2:C31,$C$5,Données!B2:B31,$E$5) -> 3
